{"classifier":{"classFeatures":{"positive":{"0":2,"1":2,"2":3,"3":2,"4":2,"5":2,"6":2,"7":3,"8":3,"9":2,"10":2,"11":2,"12":2,"13":2,"14":2,"15":2,"16":2},"negative":{"0":2,"6":2,"17":3,"18":2,"19":3,"20":2,"21":3,"22":2,"23":2,"24":2,"25":2,"26":2},"neutral":{"12":2,"27":2,"28":2,"29":2,"30":2}},"classTotals":{"positive":10,"negative":8,"neutral":3},"totalExamples":19,"smoothing":1},"docs":[{"label":"positive","text":["dog","cute"]},{"label":"positive","text":["love","game"]},{"label":"positive","text":["love"]},{"label":"positive","text":["breakfast","delici"]},{"label":"positive","text":["weather","nice"]},{"label":"positive","text":["happi","holidai"]},{"label":"positive","text":["wonder","time","todai"]},{"label":"positive","text":["tune","enjoi","nice","music"]},{"label":"positive","text":["happi","birthdai"]},{"label":"negative","text":["hate"]},{"label":"negative","text":["angri"]},{"label":"negative","text":["worst","dai","ever"]},{"label":"negative","text":["worst","servic","ever"]},{"label":"negative","text":["hate","raini","weather"]},{"label":"negative","text":["rubbish","everywher"]},{"label":"negative","text":["dog","ugli"]},{"label":"neutral","text":["todai","mondai"]},{"label":"neutral","text":["check","lastest","new"]}],"features":{"dog":2,"cute":1,"love":2,"game":1,"breakfast":1,"delici":1,"weather":2,"nice":2,"happi":2,"holidai":1,"wonder":1,"time":1,"todai":2,"tune":1,"enjoi":1,"music":1,"birthdai":1,"hate":2,"angri":1,"worst":2,"dai":1,"ever":2,"servic":1,"raini":1,"rubbish":1,"everywher":1,"ugli":1,"mondai":1,"check":1,"lastest":1,"new":1},"stemmer":{},"lastAdded":18,"events":{"_events":{},"_eventsCount":0}}